j1,j2,U
1,2,0.000000
1,3,1.252993
1,4,0.000000
1,5,1.804310
1,6,1.708627
1,7,0.000000
1,8,1.588058
1,9,0.000000
1,10,1.729064
1,11,1.236154
1,12,0.000000
1,13,1.333283
1,14,0.000000
1,15,2.123460
1,16,1.766465
1,17,0.000000
1,18,0.924812
1,19,0.000000
1,20,1.707734
1,21,2.011872
1,22,0.000000
1,23,1.437506
1,24,0.000000
1,25,1.126615
1,26,1.866596
1,27,0.000000
1,28,1.525409
1,29,0.000000
1,30,1.818386
2,1,0.000000
2,3,1.252993
2,4,1.522386
2,5,0.939745
2,6,0.000000
2,7,0.789386
2,8,1.289008
2,9,1.217909
2,10,0.845461
2,11,0.000000
2,12,0.947376
2,13,1.467866
2,14,1.133062
2,15,0.937010
2,16,0.000000
2,17,0.929461
2,18,1.483000
2,19,1.516976
2,20,0.878433
2,21,0.000000
2,22,0.936199
2,23,1.158439
2,24,1.403352
2,25,0.973715
2,26,0.000000
2,27,0.846232
2,28,1.261765
2,29,1.327900
2,30,0.783318
3,1,1.252993
3,2,1.252993
3,4,0.000000
3,5,0.939745
3,6,0.854313
3,7,1.657710
3,8,0.840242
3,9,0.000000
3,10,1.059051
3,11,0.926813
3,12,1.452643
3,13,0.595121
3,14,0.000000
3,15,0.883929
3,16,1.332233
3,17,1.588569
3,18,0.600934
3,19,0.000000
3,20,0.587078
3,21,1.584629
3,22,1.433531
3,23,0.856235
3,24,0.000000
3,25,0.630904
3,26,1.594879
3,27,0.836585
3,28,1.027121
3,29,0.000000
3,30,0.860487
4,1,0.000000
4,2,1.522386
4,3,0.000000
4,5,1.804310
4,6,0.000000
4,7,1.657710
4,8,0.000000
4,9,2.055222
4,10,1.237852
4,11,0.000000
4,12,1.363775
4,13,0.000000
4,14,2.184845
4,15,1.112175
4,16,0.000000
4,17,0.858701
4,18,0.000000
4,19,1.892577
4,20,1.807527
4,21,0.000000
4,22,0.829560
4,23,0.000000
4,24,1.203684
4,25,2.196396
4,26,0.000000
4,27,1.388250
4,28,0.000000
4,29,1.251783
4,30,1.907308
5,1,1.804310
5,2,0.939745
5,3,0.939745
5,4,1.804310
5,6,1.708627
5,7,0.789386
5,8,0.840242
5,9,2.055222
5,10,0.630388
5,11,1.871579
5,12,0.790883
5,13,0.892390
5,14,1.550970
5,15,0.591823
5,16,2.075432
5,17,0.991906
5,18,0.932323
5,19,1.540314
5,20,0.588566
5,21,1.509559
5,22,0.970227
5,23,1.011606
5,24,1.919907
5,25,0.563687
5,26,1.665530
5,27,0.936975
5,28,0.774676
5,29,1.767875
5,30,0.651827
6,1,1.708627
6,2,0.000000
6,3,0.854313
6,4,0.000000
6,5,1.708627
6,7,0.000000
6,8,1.289008
6,9,0.000000
6,10,1.237852
6,11,1.871579
6,12,0.000000
6,13,1.706113
6,14,0.000000
6,15,1.856172
6,16,1.721145
6,17,0.000000
6,18,1.349244
6,19,0.000000
6,20,2.057596
6,21,2.171721
6,22,0.000000
6,23,1.251400
6,24,0.000000
6,25,1.623776
6,26,1.888528
6,27,0.000000
6,28,1.732548
6,29,0.000000
6,30,1.757445
7,1,0.000000
7,2,0.789386
7,3,1.657710
7,4,1.657710
7,5,0.789386
7,6,0.000000
7,8,1.588058
7,9,1.217909
7,10,1.059051
7,11,0.000000
7,12,0.790883
7,13,1.706113
7,14,0.969760
7,15,1.083764
7,16,0.000000
7,17,1.115718
7,18,1.452429
7,19,1.211837
7,20,1.118589
7,21,0.000000
7,22,0.988125
7,23,1.214240
7,24,1.663246
7,25,1.087756
7,26,0.000000
7,27,1.054807
7,28,0.962306
7,29,1.485015
7,30,0.831700
8,1,1.588058
8,2,1.289008
8,3,0.840242
8,4,0.000000
8,5,0.840242
8,6,1.289008
8,7,1.588058
8,9,0.000000
8,10,0.845461
8,11,0.926813
8,12,1.363775
8,13,0.892390
8,14,0.000000
8,15,1.083764
8,16,1.265266
8,17,1.344399
8,18,0.592327
8,19,0.000000
8,20,0.842404
8,21,1.610892
8,22,1.698768
8,23,0.853519
8,24,0.000000
8,25,0.596939
8,26,1.422341
8,27,1.289403
8,28,1.022074
8,29,0.000000
8,30,0.952835
9,1,0.000000
9,2,1.217909
9,3,0.000000
9,4,2.055222
9,5,2.055222
9,6,0.000000
9,7,1.217909
9,8,0.000000
9,10,1.729064
9,11,0.000000
9,12,1.452643
9,13,0.000000
9,14,1.550970
9,15,1.856172
9,16,0.000000
9,17,1.344399
9,18,0.000000
9,19,1.983577
9,20,1.896714
9,21,0.000000
9,22,1.304142
9,23,0.000000
9,24,1.814923
9,25,1.957649
9,26,0.000000
9,27,1.356421
9,28,0.000000
9,29,1.819611
9,30,1.570357
10,1,1.729064
10,2,0.845461
10,3,1.059051
10,4,1.237852
10,5,0.630388
10,6,1.237852
10,7,1.059051
10,8,0.845461
10,9,1.729064
10,11,1.236154
10,12,0.947376
10,13,0.595121
10,14,2.184845
10,15,0.591823
10,16,1.721145
10,17,1.115718
10,18,0.592327
10,19,1.983577
10,20,0.374928
10,21,2.228134
10,22,0.943165
10,23,0.914407
10,24,2.023004
10,25,0.399098
10,26,2.091192
10,27,0.591214
10,28,1.073718
10,29,1.735592
10,30,0.576743
11,1,1.236154
11,2,0.000000
11,3,0.926813
11,4,0.000000
11,5,1.871579
11,6,1.871579
11,7,0.000000
11,8,0.926813
11,9,0.000000
11,10,1.236154
11,12,0.000000
11,13,1.467866
11,14,0.000000
11,15,1.112175
11,16,2.075432
11,17,0.000000
11,18,1.452429
11,19,0.000000
11,20,1.896714
11,21,2.228134
11,22,0.000000
11,23,1.584632
11,24,0.000000
11,25,2.243233
11,26,1.706178
11,27,0.000000
11,28,1.601644
11,29,0.000000
11,30,2.178222
12,1,0.000000
12,2,0.947376
12,3,1.452643
12,4,1.363775
12,5,0.790883
12,6,0.000000
12,7,0.790883
12,8,1.363775
12,9,1.452643
12,10,0.947376
12,11,0.000000
12,13,1.333283
12,14,1.133062
12,15,0.883929
12,16,0.000000
12,17,0.991906
12,18,1.349244
12,19,1.211837
12,20,0.842404
12,21,0.000000
12,22,0.943165
12,23,1.584632
12,24,1.413590
12,25,0.893644
12,26,0.000000
12,27,0.885258
12,28,1.145776
12,29,1.399501
12,30,1.017716
13,1,1.333283
13,2,1.467866
13,3,0.595121
13,4,0.000000
13,5,0.892390
13,6,1.706113
13,7,1.706113
13,8,0.892390
13,9,0.000000
13,10,0.595121
13,11,1.467866
13,12,1.333283
13,14,0.000000
13,15,0.937010
13,16,1.332233
13,17,0.858701
13,18,0.932323
13,19,0.000000
13,20,1.118589
13,21,1.610892
13,22,1.304142
13,23,0.914407
13,24,0.000000
13,25,0.893644
13,26,1.148345
13,27,1.602642
13,28,1.139014
13,29,0.000000
13,30,0.817811
14,1,0.000000
14,2,1.133062
14,3,0.000000
14,4,2.184845
14,5,1.550970
14,6,0.000000
14,7,0.969760
14,8,0.000000
14,9,1.550970
14,10,2.184845
14,11,0.000000
14,12,1.133062
14,13,0.000000
14,15,2.123460
14,16,0.000000
14,17,1.588569
14,18,0.000000
14,19,1.540314
14,20,2.057596
14,21,0.000000
14,22,1.698768
14,23,0.000000
14,24,2.023004
14,25,2.243233
14,26,0.000000
14,27,1.602642
14,28,0.000000
14,29,2.183097
14,30,1.552690
15,1,2.123460
15,2,0.937010
15,3,0.883929
15,4,1.112175
15,5,0.591823
15,6,1.856172
15,7,1.083764
15,8,1.083764
15,9,1.856172
15,10,0.591823
15,11,1.112175
15,12,0.883929
15,13,0.937010
15,14,2.123460
15,16,1.766465
15,17,0.929461
15,18,0.600934
15,19,1.892577
15,20,0.588566
15,21,2.171721
15,22,0.988125
15,23,0.853519
15,24,1.814923
15,25,0.399098
15,26,1.706178
15,27,0.885258
15,28,1.139014
15,29,2.183097
15,30,0.619294
16,1,1.766465
16,2,0.000000
16,3,1.332233
16,4,0.000000
16,5,2.075432
16,6,1.721145
16,7,0.000000
16,8,1.265266
16,9,0.000000
16,10,1.721145
16,11,2.075432
16,12,0.000000
16,13,1.332233
16,14,0.000000
16,15,1.766465
16,17,0.000000
16,18,1.483000
16,19,0.000000
16,20,1.807527
16,21,1.509559
16,22,0.000000
16,23,1.214240
16,24,0.000000
16,25,1.957649
16,26,2.091192
16,27,0.000000
16,28,1.145776
16,29,0.000000
16,30,1.552690
17,1,0.000000
17,2,0.929461
17,3,1.588569
17,4,0.858701
17,5,0.991906
17,6,0.000000
17,7,1.115718
17,8,1.344399
17,9,1.344399
17,10,1.115718
17,11,0.000000
17,12,0.991906
17,13,0.858701
17,14,1.588569
17,15,0.929461
17,16,0.000000
17,18,0.924812
17,19,1.516976
17,20,0.587078
17,21,0.000000
17,22,0.970227
17,23,1.251400
17,24,1.663246
17,25,0.596939
17,26,0.000000
17,27,0.591214
17,28,1.601644
17,29,1.399501
17,30,0.817811
18,1,0.924812
18,2,1.483000
18,3,0.600934
18,4,0.000000
18,5,0.932323
18,6,1.349244
18,7,1.452429
18,8,0.592327
18,9,0.000000
18,10,0.592327
18,11,1.452429
18,12,1.349244
18,13,0.932323
18,14,0.000000
18,15,0.600934
18,16,1.483000
18,17,0.924812
18,19,0.000000
18,20,0.878433
18,21,1.584629
18,22,0.829560
18,23,1.011606
18,24,0.000000
18,25,1.087756
18,26,1.422341
18,27,1.356421
18,28,1.073718
18,29,0.000000
18,30,1.017716
19,1,0.000000
19,2,1.516976
19,3,0.000000
19,4,1.892577
19,5,1.540314
19,6,0.000000
19,7,1.211837
19,8,0.000000
19,9,1.983577
19,10,1.983577
19,11,0.000000
19,12,1.211837
19,13,0.000000
19,14,1.540314
19,15,1.892577
19,16,0.000000
19,17,1.516976
19,18,0.000000
19,20,1.707734
19,21,0.000000
19,22,1.433531
19,23,0.000000
19,24,1.919907
19,25,1.623776
19,26,0.000000
19,27,1.289403
19,28,0.000000
19,29,1.735592
19,30,2.178222
20,1,1.707734
20,2,0.878433
20,3,0.587078
20,4,1.807527
20,5,0.588566
20,6,2.057596
20,7,1.118589
20,8,0.842404
20,9,1.896714
20,10,0.374928
20,11,1.896714
20,12,0.842404
20,13,1.118589
20,14,2.057596
20,15,0.588566
20,16,1.807527
20,17,0.587078
20,18,0.878433
20,19,1.707734
20,21,2.011872
20,22,0.936199
20,23,0.856235
20,24,1.203684
20,25,0.563687
20,26,1.888528
20,27,1.054807
20,28,1.022074
20,29,1.819611
20,30,0.576743
21,1,2.011872
21,2,0.000000
21,3,1.584629
21,4,0.000000
21,5,1.509559
21,6,2.171721
21,7,0.000000
21,8,1.610892
21,9,0.000000
21,10,2.228134
21,11,2.228134
21,12,0.000000
21,13,1.610892
21,14,0.000000
21,15,2.171721
21,16,1.509559
21,17,0.000000
21,18,1.584629
21,19,0.000000
21,20,2.011872
21,22,0.000000
21,23,1.158439
21,24,0.000000
21,25,2.196396
21,26,1.665530
21,27,0.000000
21,28,0.962306
21,29,0.000000
21,30,1.570357
22,1,0.000000
22,2,0.936199
22,3,1.433531
22,4,0.829560
22,5,0.970227
22,6,0.000000
22,7,0.988125
22,8,1.698768
22,9,1.304142
22,10,0.943165
22,11,0.000000
22,12,0.943165
22,13,1.304142
22,14,1.698768
22,15,0.988125
22,16,0.000000
22,17,0.970227
22,18,0.829560
22,19,1.433531
22,20,0.936199
22,21,0.000000
22,23,1.437506
22,24,1.403352
22,25,0.630904
22,26,0.000000
22,27,0.936975
22,28,1.732548
22,29,1.485015
22,30,0.952835
23,1,1.437506
23,2,1.158439
23,3,0.856235
23,4,0.000000
23,5,1.011606
23,6,1.251400
23,7,1.214240
23,8,0.853519
23,9,0.000000
23,10,0.914407
23,11,1.584632
23,12,1.584632
23,13,0.914407
23,14,0.000000
23,15,0.853519
23,16,1.214240
23,17,1.251400
23,18,1.011606
23,19,0.000000
23,20,0.856235
23,21,1.158439
23,22,1.437506
23,24,0.000000
23,25,0.973715
23,26,1.594879
23,27,1.388250
23,28,0.774676
23,29,0.000000
23,30,0.831700
24,1,0.000000
24,2,1.403352
24,3,0.000000
24,4,1.203684
24,5,1.919907
24,6,0.000000
24,7,1.663246
24,8,0.000000
24,9,1.814923
24,10,2.023004
24,11,0.000000
24,12,1.413590
24,13,0.000000
24,14,2.023004
24,15,1.814923
24,16,0.000000
24,17,1.663246
24,18,0.000000
24,19,1.919907
24,20,1.203684
24,21,0.000000
24,22,1.403352
24,23,0.000000
24,25,1.126615
24,26,0.000000
24,27,0.836585
24,28,0.000000
24,29,1.767875
24,30,1.757445
25,1,1.126615
25,2,0.973715
25,3,0.630904
25,4,2.196396
25,5,0.563687
25,6,1.623776
25,7,1.087756
25,8,0.596939
25,9,1.957649
25,10,0.399098
25,11,2.243233
25,12,0.893644
25,13,0.893644
25,14,2.243233
25,15,0.399098
25,16,1.957649
25,17,0.596939
25,18,1.087756
25,19,1.623776
25,20,0.563687
25,21,2.196396
25,22,0.630904
25,23,0.973715
25,24,1.126615
25,26,1.866596
25,27,0.846232
25,28,1.027121
25,29,1.251783
25,30,0.651827
26,1,1.866596
26,2,0.000000
26,3,1.594879
26,4,0.000000
26,5,1.665530
26,6,1.888528
26,7,0.000000
26,8,1.422341
26,9,0.000000
26,10,2.091192
26,11,1.706178
26,12,0.000000
26,13,1.148345
26,14,0.000000
26,15,1.706178
26,16,2.091192
26,17,0.000000
26,18,1.422341
26,19,0.000000
26,20,1.888528
26,21,1.665530
26,22,0.000000
26,23,1.594879
26,24,0.000000
26,25,1.866596
26,27,0.000000
26,28,1.261765
26,29,0.000000
26,30,1.907308
27,1,0.000000
27,2,0.846232
27,3,0.836585
27,4,1.388250
27,5,0.936975
27,6,0.000000
27,7,1.054807
27,8,1.289403
27,9,1.356421
27,10,0.591214
27,11,0.000000
27,12,0.885258
27,13,1.602642
27,14,1.602642
27,15,0.885258
27,16,0.000000
27,17,0.591214
27,18,1.356421
27,19,1.289403
27,20,1.054807
27,21,0.000000
27,22,0.936975
27,23,1.388250
27,24,0.836585
27,25,0.846232
27,26,0.000000
27,28,1.525409
27,29,1.327900
27,30,0.860487
28,1,1.525409
28,2,1.261765
28,3,1.027121
28,4,0.000000
28,5,0.774676
28,6,1.732548
28,7,0.962306
28,8,1.022074
28,9,0.000000
28,10,1.073718
28,11,1.601644
28,12,1.145776
28,13,1.139014
28,14,0.000000
28,15,1.139014
28,16,1.145776
28,17,1.601644
28,18,1.073718
28,19,0.000000
28,20,1.022074
28,21,0.962306
28,22,1.732548
28,23,0.774676
28,24,0.000000
28,25,1.027121
28,26,1.261765
28,27,1.525409
28,29,0.000000
28,30,0.783318
29,1,0.000000
29,2,1.327900
29,3,0.000000
29,4,1.251783
29,5,1.767875
29,6,0.000000
29,7,1.485015
29,8,0.000000
29,9,1.819611
29,10,1.735592
29,11,0.000000
29,12,1.399501
29,13,0.000000
29,14,2.183097
29,15,2.183097
29,16,0.000000
29,17,1.399501
29,18,0.000000
29,19,1.735592
29,20,1.819611
29,21,0.000000
29,22,1.485015
29,23,0.000000
29,24,1.767875
29,25,1.251783
29,26,0.000000
29,27,1.327900
29,28,0.000000
29,30,1.818386
30,1,1.818386
30,2,0.783318
30,3,0.860487
30,4,1.907308
30,5,0.651827
30,6,1.757445
30,7,0.831700
30,8,0.952835
30,9,1.570357
30,10,0.576743
30,11,2.178222
30,12,1.017716
30,13,0.817811
30,14,1.552690
30,15,0.619294
30,16,1.552690
30,17,0.817811
30,18,1.017716
30,19,2.178222
30,20,0.576743
30,21,1.570357
30,22,0.952835
30,23,0.831700
30,24,1.757445
30,25,0.651827
30,26,1.907308
30,27,0.860487
30,28,0.783318
30,29,1.818386
